{"cameraMode":{"drawMode":0,"name":"Shaded","section":"Shading Mode"},"sceneLighting":true,"audioPlay":false,"sceneViewState":{"showFog":true,"showMaterialUpdate":false,"showSkybox":true,"showFlares":true,"showImageEffects":true,"showParticleSystems":true},"in2DMode":false,"pivot":{"x":1.6557378768920899,"y":1.1125431060791016,"z":0.33786091208457949},"rotation":{"x":-0.18327464163303376,"y":0.7180884480476379,"z":-0.2059529423713684,"w":-0.6390170454978943},"size":16.800739288330079,"orthographic":false}